{"indices":[0,1,2,3,4,5,6,7,8,9,10,11,12,13,14,15,16,17,18,19,20,21,22,23,24,25,26,27,28,29,30,31,32,33,34,35],"normal":[0.0,-1.0,0.0,0.0,-1.0,0.0,0.0,-1.0,0.0,0.0,-1.0,0.0,0.0,-1.0,0.0,0.0,-1.0,0.0,0.0,1.0,0.0,0.0,1.0,0.0,0.0,1.0,0.0,0.0,1.0,0.0,0.0,1.0,0.0,0.0,1.0,0.0,1.0,0.0,0.0,1.0,0.0,0.0,1.0,0.0,0.0,1.0,0.0,0.0,1.0,0.0,0.0,1.0,0.0,0.0,-0.0,-0.0,1.0,-0.0,-0.0,1.0,-0.0,-0.0,1.0,-0.0,-0.0,1.0,-0.0,-0.0,1.0,-0.0,-0.0,1.0,-1.0,-0.0,-0.0,-1.0,-0.0,-0.0,-1.0,-0.0,-0.0,-1.0,-0.0,-0.0,-1.0,-0.0,-0.0,-1.0,-0.0,-0.0,0.0,0.0,-1.0,0.0,0.0,-1.0,0.0,0.0,-1.0,0.0,0.0,-1.0,0.0,0.0,-1.0,0.0,0.0,-1.0],"position":[1.0,-1.0,-1.0,1.0,-1.0,1.0,-1.0,-1.0,1.0,1.0,-1.0,-1.0,-1.0,-1.0,1.0,-1.0,-1.0,-1.0,1.0,1.0,-0.999999,-1.0,1.0,-1.0,-1.0,1.0,1.0,1.0,1.0,-0.999999,-1.0,1.0,1.0,0.999999,1.0,1.000001,1.0,-1.0,-1.0,1.0,1.0,-0.999999,0.999999,1.0,1.000001,1.0,-1.0,-1.0,0.999999,1.0,1.000001,1.0,-1.0,1.0,1.0,-1.0,1.0,0.999999,1.0,1.000001,-1.0,1.0,1.0,1.0,-1.0,1.0,-1.0,1.0,1.0,-1.0,-1.0,1.0,-1.0,-1.0,1.0,-1.0,1.0,1.0,-1.0,1.0,-1.0,-1.0,-1.0,1.0,-1.0,1.0,-1.0,-1.0,-1.0,-1.0,1.0,1.0,-0.999999,1.0,-1.0,-1.0,-1.0,-1.0,-1.0,1.0,1.0,-0.999999,-1.0,-1.0,-1.0,-1.0,1.0,-1.0],"texCoord":[0.995,0.995,0.995,0.005,0.005,0.005,0.995,0.995,0.005,0.005,0.005,0.995,0.995,0.995,0.005,0.995,0.005,0.005,0.995,0.995,0.005,0.005,0.995,0.005,0.995,0.005,0.995,0.995,0.005,0.995,0.995,0.005,0.005,0.995,0.005,0.005,0.995,0.005,0.995,0.995,0.005,0.995,0.995,0.005,0.005,0.995,0.005,0.005,0.005,0.005,0.005,0.995,0.995,0.995,0.005,0.005,0.995,0.995,0.995,0.005,0.995,0.995,0.995,0.005,0.005,0.005,0.995,0.995,0.005,0.005,0.005,0.995]}